{
	"partitions" : [
		{
			"name" : "Top",
			"pins" : [
				{
					"name" : "UART_TXD",
					"strict" : false
				},
				{
					"name" : "GPIO_0[0]",
					"strict" : false
				},
				{
					"name" : "GPIO_0[2]",
					"strict" : false
				},
				{
					"name" : "GPIO_0[3]",
					"strict" : false
				},
				{
					"name" : "GPIO_0[4]",
					"strict" : false
				},
				{
					"name" : "GPIO_0[5]",
					"strict" : false
				},
				{
					"name" : "KEY0",
					"strict" : false
				},
				{
					"name" : "CLOCK_50",
					"strict" : false
				},
				{
					"name" : "KEY1",
					"strict" : false
				},
				{
					"name" : "KEY2",
					"strict" : false
				}
			]
		}
	]
}